has_title,has_input,has_button,has_image,has_submit,has_link,has_password,has_email_input,has_hidden_element,has_audio,has_video,number_of_inputs,number_of_buttons,number_of_images,number_of_option,number_of_list,number_of_th,number_of_tr,number_of_href,number_of_paragraph,number_of_script,length_of_title,URL,label
1,1,1,0,0,1,0,0,0,0,0,1,79,0,0,659,0,0,28,136,23,60,https://espacesecu-tehna.com/index.php,1
1,1,1,0,0,1,0,0,0,0,0,2,22,0,0,1446,0,0,15,5,8,78,https://allegro.pl-lokalna-ofeta95430458.sbs,1
1,1,1,0,0,1,0,0,0,0,0,2,22,0,0,1446,0,0,15,5,8,78,https://allegrolokalnie.pl-lokalna-ofeta95430458.sbs,1
1,1,1,0,0,0,1,0,0,0,0,3,1,0,0,0,0,0,0,0,3,19,https://security-server-landing-page--lvahlgren.replit.app/,1
1,1,1,0,0,1,1,0,0,0,0,3,4,0,0,0,0,0,1,0,2,33,https://editable-static-website--laboratorium13.replit.app/,1
1,1,1,0,0,0,1,1,0,0,0,2,2,0,0,0,0,0,0,1,3,41,https://security-server-page--servarog.replit.app/,1
1,1,1,0,1,1,0,0,1,0,0,8,1,0,0,2,0,1,12,0,25,10,https://comcast2212.weebly.com/,1
1,1,1,0,1,1,0,0,1,0,0,7,2,0,0,0,0,1,10,0,29,14,https://xfinityloginxfinity.weebly.com/,1
1,1,1,0,1,1,0,0,1,0,0,8,2,0,0,3,0,1,8,0,30,6,https://finitycomcast.weebly.com/,1
1,1,1,0,1,1,0,0,1,0,0,11,1,0,0,0,0,1,11,0,24,14,https://infinitycomcast.weebly.com/,1
1,1,1,0,0,1,1,1,0,0,0,3,2,0,0,0,0,0,10,0,17,6,https://v0-mail-spectrum.vercel.app/,1
1,1,1,0,1,1,0,0,1,0,0,7,1,0,0,10,0,0,8,0,25,14,https://secureinfinity.weebly.com/,1
1,1,1,0,1,1,0,0,1,0,0,8,2,0,0,0,0,0,8,0,28,5,https://xfinityservicekey.weebly.com/,1
1,1,1,0,1,1,0,0,1,0,0,8,1,0,0,0,0,1,7,0,24,18,https://mail-xfinitylogin.weebly.com/,1
1,1,1,0,1,1,0,0,1,0,0,9,2,0,0,0,0,3,8,0,27,15,https://xfinitysupportnow.weebly.com/,1
1,0,1,0,0,1,0,0,0,0,0,0,1,0,0,1,0,0,12,135,11,13,https://temp-owkexuorwkyoibanumaq.webadorsite.com,1
1,0,0,0,0,0,0,0,0,0,0,0,0,0,0,0,0,0,0,0,1,11,http://rfqveiw.vercel.app,1
1,0,0,0,0,0,0,0,0,0,0,0,0,0,0,0,0,0,0,0,1,11,https://rfqveiw.vercel.app/,1
1,1,1,0,0,1,0,1,0,0,0,12,71,0,5,17,0,0,4,154,8,43,https://leila-casas.vercel.app/,1
1,1,1,0,0,1,0,1,0,0,0,3,1,0,0,4,0,0,3,9,1,42,https://virtual-phi.vercel.app,1
1,1,1,0,0,1,0,0,0,0,0,1,2,0,0,0,0,10,1,3,3,22,https://exteriorenlinea.z13.web.core.windows.net/empresas.html,1
1,1,1,0,0,1,1,0,0,0,0,2,2,0,0,0,0,0,1,5,4,45,https://exteriorenlinea.z13.web.core.windows.net/personas.html,1
1,1,1,0,0,1,0,0,0,0,0,1,13,0,8,0,0,0,3,4,12,40,https://anacapri-ecommerce.vercel.app/,1
1,1,1,0,0,1,0,0,1,0,1,7,62,0,0,22,0,0,9,360,13,36,https://www.millenniumbcp.pt/app-millennium,1
0,0,0,0,0,1,0,0,0,0,0,0,0,0,0,0,0,0,5,0,1,0,https://usersboard-net.com/,1
0,0,0,0,0,1,0,0,0,0,0,0,0,0,0,0,0,0,5,0,1,0,https://usersboard-net.com/captcha,1
1,0,0,0,0,0,0,0,0,0,0,0,0,0,0,0,3,10,0,2,0,33,https://glenroyconst.onrender.com/,1
